{
   "SewerLevel":{
      "0":{"Gnoll":20,"Shaman":10,"Brute":5,"Shielded":2},
      "1":{"Gnoll":100},
      "2":{"Gnoll":1},
      "3":{"Gnoll":2},
      "4":{"Gnoll":2},
      "5":{"Gnoll":3}
   },
   "SewerBossLevel":{
      "any":{"Goo":1}
   },
   "PrisonLevel":{
      "6":{"Gnoll":3},
      "7":{"Gnoll":3,"Shaman":1},
      "8":{"Gnoll":3,"Shaman":2},
      "9":{"Gnoll":4,"Shaman":3,"Brute":1},
      "10":{"Gnoll":4,"Shaman":3,"Brute":1}
   },
   "PrisonBossLevel":{
      "any":{"Tengu":1}
   },
   "CavesLevel":{
      "11":{"Gnoll":4,"Shaman":3,"Brute":2},
      "12":{"Gnoll":6,"Shaman":4,"Brute":2},
      "13":{"Gnoll":6,"Shaman":4,"Brute":3,"Shielded":2},
      "14":{"Gnoll":8,"Shaman":6,"Brute":4,"Shielded":3},
      "15":{"Gnoll":8,"Shaman":6,"Brute":4,"Shielded":3},
      "0":{"Gnoll":100,"Shaman":75,"Brute":50,"Shielded":25}
   },
   "CavesBossLevel":{
      "any":{"DM300":1}
   },
   "CityLevel":{
      "16":{"Elemental":1,"Monk":0.2,"Warlock":1},
      "17":{"Elemental":1,"Monk":1,"Warlock":1,"Senior":0.03},
      "18":{"Elemental":1,"Monk":2,"Warlock":1,"Golem":1,"Senior":0.06},
      "19":{"Elemental":1,"Monk":2,"Warlock":1,"Golem":3,"Succubus":0.02,"Senior":0.06}
   },
   "CityBossLevel":{
      "any":{"King":1}
   },
   "HallsLevel":{
      "22":{"Succubus":1,"Eye":1},
      "23":{"Succubus":1,"Eye":2,"Scorpio":1,"Acidic":0.03},
      "24":{"Succubus":1,"Eye":2,"Scorpio":3,"Acidic":0.09}
   },
   "HallsBossLevel":{
      "any":{"Yog":1}
   },
  "RandomLevel":{
    "any":{"Gnoll":1},
    "test_random":{"Swarm":0.01}
  }
}