{
   "Levels":{
      "0":{"kind":"SewerLevel", "depth":0,        "size":[0,0]},

      "1":{"kind":"SewerLevel", "depth":1,        "size":[32,32]},
      "2":{"kind":"SewerLevel", "depth":2,        "size":[32,32]},
      "3":{"kind":"SewerLevel", "depth":3,        "size":[32,32]},
      "4":{"kind":"SewerLevel", "depth":4,        "size":[32,32]},
      "5":{"kind":"SewerLevel", "depth":5,        "size":[32,32]},
      "6":{"kind":"PrisonLevel", "depth":6,       "size":[32,32]},
      "7":{"kind":"PrisonLevel", "depth":7,       "size":[32,32]},
      "8":{"kind":"PrisonLevel", "depth":8,       "size":[32,32]},
      "9":{"kind":"PrisonLevel", "depth":9,       "size":[32,32]},
      "10":{"kind":"PrisonLevel", "depth":10, "size":[32,32]},
      "11":{"kind":"CavesLevel", "depth":11,      "size":[32,32]},
      "12":{"kind":"CavesLevel", "depth":12,      "size":[32,32]},
      "13":{"kind":"CavesLevel", "depth":13,      "size":[32,32]},
      "14":{"kind":"CavesLevel", "depth":14,      "size":[32,32]},
      "15":{"kind":"CavesLevel", "depth":15,  "size":[32,32]},
      "16":{"kind":"CityLevel", "depth":16,       "size":[32,32]},
      "17":{"kind":"CityLevel", "depth":17,       "size":[32,32]},
      "18":{"kind":"CityLevel", "depth":18,       "size":[32,32]},
      "19":{"kind":"CityLevel", "depth":19,       "size":[32,32]},
      "20":{"kind":"CityLevel", "depth":20,   "size":[32,32]},
      "21":{"kind":"LastShopLevel", "depth":21,   "size":[32,32]},
      "22":{"kind":"HallsLevel", "depth":22,      "size":[32,32]},
      "23":{"kind":"HallsLevel", "depth":23,      "size":[32,32]},
      "24":{"kind":"HallsLevel", "depth":24,      "size":[32,32]},
	  "25":{"kind":"HallsBossLevel", "depth":31,  "size":[32,32]},
	  "26":{"kind":"LastLevel", "depth":32,       "size":[32,32]},
	  "27":{"kind":"CavesLevel", "depth":0,       "size":[128,128]},
	  "28":{"kind":"PredesignedLevel", "depth":0,       "size":[32,32], "file":"levelsDesc/gnolltown.json"}
   },
   "Graph":{
      "0":[["1"],[]],
      "1":[["2"],["28"]],
      "2":[["3"],["1"]],
      "3":[["4"],["2"]],
      "4":[["5"],["3"]],
      "5":[["6"],["4"]],
      "6":[["7"],["5"]],
      "7":[["8"],["6"]],
      "8":[["9"],["7"]],
      "9":[["10"],["8"]],
      "10":[["11"],["9"]],
      "11":[["12"],["10"]],
      "12":[["13"],["11"]],
      "13":[["14"],["12"]],
      "14":[["15"],["13"]],
      "15":[["16"],["14"]],
      "16":[["17"],["15"]],
      "17":[["18"],["16"]],
      "18":[["19"],["17"]],
      "19":[["20"],["18"]],
      "20":[["21"],["19"]],
      "21":[["22"],["20"]],
      "22":[["23"],["21"]],
      "23":[["24"],["22"]],
      "24":[["25"],["23"]],
      "25":[["26"],["24"]],
      "26":[["25"],["25"]],
      "27":[["28"],[]],
      "28":[["1"],["27"]]
   },
   "Entrance":"0"
}