{
	"common": {
		"items": [{
			"kind": "Ration",
			"quantity":2
		}],
        "str":10,
        "hp":20
	},
	"GNOLL": {
		"weapon": {
			"kind": "GnollTamahawk",
			"identified": true
		},
		"items": [{
			"kind": "Dart",
			"identified": true,
			"quantity": 25
			},
			{
			"kind": "ArmorKit"
			},
			{
			"kind": "PotionOfMight",
			"identified": true,
			"quantity": 1
			},
			{
			"kind": "PotionOfStrength",
			"identified": true,
			"quantity": 4
			},
			{
			"kind": "Pickaxe"
			},
			{
			"kind": "ChargrilledMeat",
			"quantity": 4
		}],
		"quickslot":[{
			"kind": "Dart"
		}],
        "str":15,
        "hp":5,
        "knownItems":[{"kind":"PotionOfExperience"}]
	}
}